id,order,name_ru,name_uz,name_tj,duration_days,departure_day,short_desc_ru,short_desc_uz,short_desc_tj,price_single,price_double,price_triple,price_quad,currency,flight_route,flight_details,meal_plan_ru,meal_plan_uz,meal_plan_tj,inclusions_ru,inclusions_uz,inclusions_tj,group_size,is_active,is_placeholder
swissotel10,1,Swissotel,Swissotel,Swissotel,10 kun / 9 kecha,Payshanba,"5* отель в 5 минутах от Харама, шведский стол","Haramdan 5 daqiqa, 5* mehmonxona, shved stoli","Меҳмонхонаи 5* дар 5 дақиқагӣ аз Ҳарам",2700,1900,1750,1650,USD,Tashkent - Madinah / Jeddah - Tashkent,"CentrumAir Airbus A330-300. Tashkent 11:00 -> Madinah 16:20; Jeddah 12:20 -> Tashkent 20:40. Bagaj 30kg + 8kg","2 mahal shved stoli","2 mahal shved stoli","2 маротиба хӯроки бофеӣ","Перелёт|Трансфер|Виза|Гид|Медстраховка|5л воды Замзам","Parvoz|Transfer|Viza|Gid|Tibbiy sug'urta|5l Zamzam suvi","Парвоз|Интиқол|Виза|Роҳбалад|Суғуртаи тиббӣ|5л оби Замзам",27,TRUE,FALSE
jumeirah10,2,Jumeirah,Jumeirah,Jumeirah,10 kun / 9 kecha,Payshanba,"Люкс отель Jabal Omar рядом с Харамом","Jabal Omar hududida, Haram yaqinida lyuks mehmonxona","Меҳмонхонаи люкс дар Jabal Omar, наздикии Ҳарам",2800,1990,1890,1750,USD,Tashkent - Madinah / Jeddah - Tashkent,"CentrumAir Airbus A330-300. Tashkent 11:00 -> Madinah 16:20; Jeddah 12:20 -> Tashkent 20:40. Bagaj 30kg + 8kg","2 mahal shved stoli","2 mahal shved stoli","2 маротиба хӯроки бофеӣ","Перелёт|Трансфер|Виза|Гид|Медстраховка|5л воды Замзам","Parvoz|Transfer|Viza|Gid|Tibbiy sug'urta|5l Zamzam suvi","Парвоз|Интиқол|Виза|Роҳбалад|Суғуртаи тиббӣ|5л оби Замзам",27,TRUE,FALSE
mtowers10,3,Makkah Towers,Makkah Towers,Makkah Towers,10 kun / 9 kecha,Payshanba,"Панорамный вид на Харам, комфорт и близость","Haramga panoramali ko'rinish, qulaylik","Манзараи панорамӣ ба Ҳарам",2550,1850,1650,1550,USD,Tashkent - Madinah / Jeddah - Tashkent,"CentrumAir Airbus A330-300. Tashkent 11:00 -> Madinah 16:20; Jeddah 12:20 -> Tashkent 20:40. Bagaj 30kg + 8kg","1 mahal shved stoli","1 mahal shved stoli","1 маротиба хӯроки бофеӣ","Перелёт|Трансфер|Виза|Гид|Медстраховка|5л воды Замзам","Parvoz|Transfer|Viza|Gid|Tibbiy sug'urta|5l Zamzam suvi","Парвоз|Интиқол|Виза|Роҳбалад|Суғуртаи тиббӣ|5л оби Замзам",27,TRUE,FALSE
anjum10,4,Anjum,Anjum,Anjum,10 kun / 9 kecha,Payshanba,"Оптимальное сочетание цены и качества","Narx va sifatning optimal nisbati","Мутобиқати нархи мувофиқ",2250,1700,1600,,USD,Tashkent - Madinah / Jeddah - Tashkent,"CentrumAir Airbus A330-300. Tashkent 11:00 -> Madinah 16:20; Jeddah 12:20 -> Tashkent 20:40. Bagaj 30kg + 8kg","1 mahal shved stoli","1 mahal shved stoli","1 маротиба хӯроки бофеӣ","Перелёт|Трансфер|Виза|Гид|Медстраховка|5л воды Замзам","Parvoz|Transfer|Viza|Gid|Tibbiy sug'urta|5l Zamzam suvi","Парвоз|Интиқол|Виза|Роҳбалад|Суғуртаи тиббӣ|5л оби Замзам",27,TRUE,FALSE
saja10,5,Saja,Saja,Saja,10 kun / 9 kecha,Payshanba,"Бюджетный вариант без потери комфорта","Qulaylikni yo'qotmasdan tejamkor variant","Вариант арзон бе аз даст додани роҳат",,1450,1350,1250,USD,Tashkent - Madinah / Jeddah - Tashkent,"CentrumAir Airbus A330-300. Tashkent 11:00 -> Madinah 16:20; Jeddah 12:20 -> Tashkent 20:40. Bagaj 30kg + 8kg","1 mahal shved stoli","1 mahal shved stoli","1 маротиба хӯроки бофеӣ","Перелёт|Трансфер|Виза|Гид|Медстраховка|5л воды Замзам","Parvoz|Transfer|Viza|Gid|Tibbiy sug'urta|5l Zamzam suvi","Парвоз|Интиқол|Виза|Роҳбалад|Суғуртаи тиббӣ|5л оби Замзам",27,TRUE,FALSE
jumeirah13,6,Jumeirah 13,Jumeirah 13,Jumeirah 13,13 kun / 12 kecha,Shanba,"Расширенная программа на 13 дней, Jumeirah Jabal Omar","13 kunlik kengaytirilgan dastur, Jumeirah Jabal Omar","Барномаи васеъшуда барои 13 рӯз",3250,2200,2000,1900,USD,Tashkent - Jeddah / Madinah - Tashkent,"CentrumAir Airbus A330-300. Tashkent 06:20 -> Jeddah 11:40; Madinah 18:00 -> Tashkent 02:20(+1). Bagaj 30kg + 8kg","2 mahal shved stoli","2 mahal shved stoli","2 маротиба хӯроки бофеӣ","Перелёт|Трансфер|Виза|Гид|Медстраховка|5л воды Замзам","Parvoz|Transfer|Viza|Gid|Tibbiy sug'urta|5l Zamzam suvi","Парвоз|Интиқол|Виза|Роҳбалад|Суғуртаи тиббӣ|5л оби Замзам",27,TRUE,FALSE
anjum13,7,Anjum 13,Anjum 13,Anjum 13,13 kun / 12 kecha,Shanba,"13 дней, комфортный вариант Anjum","13 kunlik, qulay Anjum varianti","Вариант қулай барои 13 рӯз",2500,1800,1700,1600,USD,Tashkent - Jeddah / Madinah - Tashkent,"CentrumAir Airbus A330-300. Tashkent 06:20 -> Jeddah 11:40; Madinah 18:00 -> Tashkent 02:20(+1). Bagaj 30kg + 8kg","1 mahal shved stoli","1 mahal shved stoli","1 маротиба хӯроки бофеӣ","Перелёт|Трансфер|Виза|Гид|Медстраховка|5л воды Замзам","Parvoz|Transfer|Viza|Gid|Tibbiy sug'urta|5l Zamzam suvi","Парвоз|Интиқол|Виза|Роҳбалад|Суғуртаи тиббӣ|5л оби Замзам",27,TRUE,FALSE
taj13,8,Taj,Taj,Taj,13 kun / 12 kecha,Shanba,"Самый доступный вариант на 13 дней","13 kunlik eng arzon variant","Вариант арзонтарин барои 13 рӯз",1800,1400,1300,1250,USD,Tashkent - Jeddah / Madinah - Tashkent,"CentrumAir Airbus A330-300. Tashkent 06:20 -> Jeddah 11:40; Madinah 18:00 -> Tashkent 02:20(+1). Bagaj 30kg + 8kg","1 mahal shved stoli","1 mahal shved stoli","1 маротиба хӯроки бофеӣ","Перелёт|Трансфер|Виза|Гид|Медстраховка|5л воды Замзам","Parvoz|Transfer|Viza|Gid|Tibbiy sug'urta|5l Zamzam suvi","Парвоз|Интиқол|Виза|Роҳбалад|Суғуратаи тиббӣ|5л оби Замзам",27,TRUE,FALSE
tawhid,9,Tawhid,Tawhid,Tawhid,,,,,,,,,,,,,,,,,,,,TRUE,TRUE
